algorithm,parameters,count,k-nn,epsilon,largeepsilon,rel,qps,p50,p95,p99,p999,distcomps,build,candidates,indexsize,queriessize,dataset
aihnngc,"hnng(euclidean,batch)",10,1.0,1.0,1.0,0.08592252,26.083627840757345,37.54568,57.906162,65.98999,73.361694,0.0,2993.6082928180695,10.0,-84007.81640625,-3220.7105897662896,fashion-mnist-784-euclidean
hnng,hnng,10,1.0,1.0,1.0,0.08592252,53.10207409504871,18.815876,24.346184,25.522907,31.385292,0.0,2237.9118592739105,10.0,207072.0,3899.5087014747623,fashion-mnist-784-euclidean
hnnglib,hnnglib,10,0.01759,0.019950000000000002,0.05286999999999999,0.18835519,32960.924410691325,0.027418137,0.052690506,0.06914139,0.09226892,0.0,929.7624490261078,10.0,193824.0,5.880417599487306,fashion-mnist-784-euclidean
hnswlib,"hnswlib ({'M': 12, 'efConstruction': 500}, 'efQuery': 10)",10,0.91944,0.97112,0.9994500000000001,0.08623645,11178.041244888762,0.084877014,0.11920929,0.14519691,0.18286705,0.0,68.8865339756012,10.0,199584.0,17.855006581878662,fashion-mnist-784-euclidean
hnswlib,"hnswlib ({'M': 12, 'efConstruction': 500}, 'efQuery': 120)",10,0.99929,0.9999,1.0,0.08592801,2532.4836623169954,0.3902912,0.5033135,0.55313575,0.61273783,0.0,68.8865339756012,10.0,199584.0,78.80959035186768,fashion-mnist-784-euclidean
hnswlib,"hnswlib ({'M': 12, 'efConstruction': 500}, 'efQuery': 20)",10,0.97535,0.99487,0.9998400000000001,0.086011596,8210.086242721025,0.11944771,0.15687943,0.18382072,0.22244734,0.0,68.8865339756012,10.0,199584.0,24.309610654449465,fashion-mnist-784-euclidean
hnswlib,"hnswlib ({'M': 12, 'efConstruction': 500}, 'efQuery': 200)",10,0.9996,0.9999100000000001,1.0,0.08592615,1770.884728826436,0.5583763,0.7267117,0.79107517,0.86642057,0.0,68.8865339756012,10.0,199584.0,112.70298780670167,fashion-mnist-784-euclidean
hnswlib,"hnswlib ({'M': 12, 'efConstruction': 500}, 'efQuery': 40)",10,0.9936999999999999,0.9992000000000001,0.99992,0.085946746,5277.243430251511,0.18715858,0.24008751,0.26917458,0.31447715,0.0,68.8865339756012,10.0,199584.0,37.81974484176636,fashion-mnist-784-euclidean
hnswlib,"hnswlib ({'M': 12, 'efConstruction': 500}, 'efQuery': 400)",10,0.99985,0.9999800000000001,1.0,0.08592428,1079.49578177832,0.9160042,1.2009144,1.2946199,1.40524,0.0,68.8865339756012,10.0,199584.0,184.88631763916018,fashion-mnist-784-euclidean
hnswlib,"hnswlib ({'M': 12, 'efConstruction': 500}, 'efQuery': 600)",10,0.9999499999999999,1.0,1.0,0.0859235,809.3787578677144,1.2218952,1.5988469,1.7464231,1.9311905,0.0,68.8865339756012,10.0,199584.0,246.58912537536622,fashion-mnist-784-euclidean
hnswlib,"hnswlib ({'M': 12, 'efConstruction': 500}, 'efQuery': 80)",10,0.9986200000000001,0.99985,1.0,0.085930385,3354.7797587549085,0.2951622,0.37837029,0.4117489,0.46014902,0.0,68.8865339756012,10.0,199584.0,59.49243001098633,fashion-mnist-784-euclidean
hnswlib,"hnswlib ({'M': 12, 'efConstruction': 500}, 'efQuery': 800)",10,0.9999499999999999,1.0,1.0,0.0859235,643.3494005128354,1.5377998,2.0032167,2.19328,2.385863,0.0,68.8865339756012,10.0,199584.0,310.2264490196228,fashion-mnist-784-euclidean
hnswlib,"hnswlib ({'M': 16, 'efConstruction': 500}, 'efQuery': 10)",10,0.93395,0.9792299999999999,0.9991300000000001,0.08620355,9945.601927324593,0.096559525,0.1347065,0.16069412,0.20122574,0.0,71.80470395088196,10.0,201600.0,20.270266342163083,fashion-mnist-784-euclidean
hnswlib,"hnswlib ({'M': 16, 'efConstruction': 500}, 'efQuery': 120)",10,0.9995900000000001,0.9999800000000001,1.0,0.08592511,2231.4767469470116,0.4427433,0.5862713,0.64635277,0.7324258,0.0,71.80470395088196,10.0,201600.0,90.34376014709473,fashion-mnist-784-euclidean
hnswlib,"hnswlib ({'M': 16, 'efConstruction': 500}, 'efQuery': 20)",10,0.9814700000000001,0.9962799999999999,0.9997,0.08600159,6955.676118503262,0.1411438,0.18930435,0.22101635,0.2625007,0.0,71.80470395088196,10.0,201600.0,28.983523178100583,fashion-mnist-784-euclidean
hnswlib,"hnswlib ({'M': 16, 'efConstruction': 500}, 'efQuery': 200)",10,0.99976,0.9999800000000001,1.0,0.08592425,1560.7889175198845,0.6330013,0.84186786,0.92840195,1.0230553,0.0,71.80470395088196,10.0,201600.0,129.16544815063477,fashion-mnist-784-euclidean
hnswlib,"hnswlib ({'M': 16, 'efConstruction': 500}, 'efQuery': 40)",10,0.99596,0.99949,0.9999,0.08594113,4500.462353045446,0.21910667,0.2901554,0.3280663,0.3881501,0.0,71.80470395088196,10.0,201600.0,44.79539749145508,fashion-mnist-784-euclidean
hnswlib,"hnswlib ({'M': 16, 'efConstruction': 500}, 'efQuery': 400)",10,0.9998799999999999,0.9999800000000001,1.0,0.08592343,977.0501634402123,1.0106564,1.3509034,1.4843965,1.614095,0.0,71.80470395088196,10.0,201600.0,206.33536285400388,fashion-mnist-784-euclidean
hnswlib,"hnswlib ({'M': 16, 'efConstruction': 500}, 'efQuery': 600)",10,0.99996,1.0,1.0,0.08592281,723.3343261070102,1.3637543,1.8167615,2.0044036,2.208473,0.0,71.80470395088196,10.0,201600.0,278.70929489135744,fashion-mnist-784-euclidean
hnswlib,"hnswlib ({'M': 16, 'efConstruction': 500}, 'efQuery': 80)",10,0.9990600000000001,0.99985,1.0,0.085927844,2937.0488439797136,0.3361702,0.44132465,0.48756832,0.54383534,0.0,71.80470395088196,10.0,201600.0,68.64032936096191,fashion-mnist-784-euclidean
hnswlib,"hnswlib ({'M': 16, 'efConstruction': 500}, 'efQuery': 800)",10,0.99996,1.0,1.0,0.08592281,584.2704699276653,1.686573,2.2559285,2.5246143,2.8024092,0.0,71.80470395088196,10.0,201600.0,345.0456772613526,fashion-mnist-784-euclidean
hnswlib,"hnswlib ({'M': 24, 'efConstruction': 500}, 'efQuery': 10)",10,0.94787,0.9862500000000001,0.9998100000000001,0.08610209,9144.22652841296,0.10585785,0.14805794,0.17428863,0.2212564,0.0,75.0686559677124,10.0,205632.0,22.487631880187983,fashion-mnist-784-euclidean
hnswlib,"hnswlib ({'M': 24, 'efConstruction': 500}, 'efQuery': 120)",10,0.99971,1.0,1.0,0.08592389,2018.9522262629894,0.48851967,0.6690144,0.7453081,0.8080013,0.0,75.0686559677124,10.0,205632.0,101.85084982452393,fashion-mnist-784-euclidean
hnswlib,"hnswlib ({'M': 24, 'efConstruction': 500}, 'efQuery': 20)",10,0.9867800000000001,0.9978300000000001,0.9999,0.085969806,6102.912321591147,0.16117096,0.22292137,0.2567768,0.3027944,0.0,75.0686559677124,10.0,205632.0,33.694077378845215,fashion-mnist-784-euclidean
hnswlib,"hnswlib ({'M': 24, 'efConstruction': 500}, 'efQuery': 200)",10,0.99985,1.0,1.0,0.085923105,1410.3813829969495,0.6958246,0.9670376,1.0771775,1.2626662,0.0,75.0686559677124,10.0,205632.0,145.79886155548095,fashion-mnist-784-euclidean
hnswlib,"hnswlib ({'M': 24, 'efConstruction': 500}, 'efQuery': 40)",10,0.9973699999999999,0.99979,1.0,0.08593283,4161.567445844013,0.23770332,0.32258034,0.36001438,0.4100802,0.0,75.0686559677124,10.0,205632.0,49.412151232910155,fashion-mnist-784-euclidean
hnswlib,"hnswlib ({'M': 24, 'efConstruction': 500}, 'efQuery': 400)",10,0.9999499999999999,1.0,1.0,0.08592284,897.3217806143508,1.0979176,1.5013455,1.65272,1.8043584,0.0,75.0686559677124,10.0,205632.0,229.16193994445803,fashion-mnist-784-euclidean
hnswlib,"hnswlib ({'M': 24, 'efConstruction': 500}, 'efQuery': 600)",10,0.99996,1.0,1.0,0.08592281,683.0501152592026,1.445651,1.9545674,2.1548295,2.3398418,0.0,75.0686559677124,10.0,205632.0,301.04965273590085,fashion-mnist-784-euclidean
hnswlib,"hnswlib ({'M': 24, 'efConstruction': 500}, 'efQuery': 80)",10,0.9993399999999999,0.99992,1.0,0.08592613,2647.892947020664,0.37169456,0.50878525,0.5705403,0.655415,0.0,75.0686559677124,10.0,205632.0,77.65872870025635,fashion-mnist-784-euclidean
hnswlib,"hnswlib ({'M': 24, 'efConstruction': 500}, 'efQuery': 800)",10,0.99996,1.0,1.0,0.08592281,550.7819617772942,1.7926693,2.411151,2.652909,3.2284427,0.0,75.0686559677124,10.0,205632.0,373.3455600769043,fashion-mnist-784-euclidean
hnswlib,"hnswlib ({'M': 36, 'efConstruction': 500}, 'efQuery': 10)",10,0.9509299999999999,0.9874,0.99963,0.08610415,8042.125874115148,0.11968613,0.17356873,0.20432937,0.25582314,0.0,76.04919409751892,10.0,210816.0,26.21396423034668,fashion-mnist-784-euclidean
hnswlib,"hnswlib ({'M': 36, 'efConstruction': 500}, 'efQuery': 120)",10,0.99975,1.0,1.0,0.085923776,1951.4961339773888,0.50115585,0.71527946,0.80204475,0.88787943,0.0,76.04919409751892,10.0,210816.0,108.02788503112794,fashion-mnist-784-euclidean
hnswlib,"hnswlib ({'M': 36, 'efConstruction': 500}, 'efQuery': 20)",10,0.98751,0.9977199999999999,0.99963,0.08598059,5911.57855332142,0.16570091,0.2360344,0.27227402,0.3120906,0.0,76.04919409751892,10.0,210816.0,35.66154083862305,fashion-mnist-784-euclidean
hnswlib,"hnswlib ({'M': 36, 'efConstruction': 500}, 'efQuery': 200)",10,0.9998699999999999,1.0,1.0,0.08592306,1385.0397162888712,0.70667267,1.0044694,1.1138916,1.2707787,0.0,76.04919409751892,10.0,210816.0,152.2093536529541,fashion-mnist-784-euclidean
hnswlib,"hnswlib ({'M': 36, 'efConstruction': 500}, 'efQuery': 40)",10,0.99752,0.99971,0.9999,0.08593937,3910.6679466322953,0.24986267,0.35811657,0.40627223,0.4720688,0.0,76.04919409751892,10.0,210816.0,53.90792644042969,fashion-mnist-784-euclidean
hnswlib,"hnswlib ({'M': 36, 'efConstruction': 500}, 'efQuery': 400)",10,0.9999499999999999,1.0,1.0,0.08592284,863.6945577987128,1.1330843,1.5947938,1.7614388,1.9724411,0.0,76.04919409751892,10.0,210816.0,244.08628964538576,fashion-mnist-784-euclidean
hnswlib,"hnswlib ({'M': 36, 'efConstruction': 500}, 'efQuery': 600)",10,0.99996,1.0,1.0,0.08592281,657.4243947776512,1.4953613,2.060449,2.2866888,2.5758884,0.0,76.04919409751892,10.0,210816.0,320.66957307128905,fashion-mnist-784-euclidean
hnswlib,"hnswlib ({'M': 36, 'efConstruction': 500}, 'efQuery': 80)",10,0.9994400000000001,0.99993,1.0,0.08592601,2554.17966931434,0.38313866,0.5450249,0.61631435,0.68164617,0.0,76.04919409751892,10.0,210816.0,82.53765486145019,fashion-mnist-784-euclidean
hnswlib,"hnswlib ({'M': 36, 'efConstruction': 500}, 'efQuery': 800)",10,0.99996,1.0,1.0,0.08592281,540.4089529867722,1.8204451,2.5053144,2.766637,3.1299603,0.0,76.04919409751892,10.0,210816.0,390.1045658752442,fashion-mnist-784-euclidean
hnswlib,"hnswlib ({'M': 48, 'efConstruction': 500}, 'efQuery': 10)",10,0.95196,0.98826,0.99993,0.08608614,8020.5681875766695,0.11873245,0.17905235,0.2155304,0.25988066,0.0,76.44706392288208,10.0,216576.0,27.002575744628906,fashion-mnist-784-euclidean
hnswlib,"hnswlib ({'M': 48, 'efConstruction': 500}, 'efQuery': 120)",10,0.99975,1.0,1.0,0.08592377,1881.4772302804727,0.5168915,0.74936146,0.867133,0.98562753,0.0,76.44706392288208,10.0,216576.0,115.10955142822266,fashion-mnist-784-euclidean
hnswlib,"hnswlib ({'M': 48, 'efConstruction': 500}, 'efQuery': 20)",10,0.98804,0.99809,0.99993,0.08596553,5621.47209169546,0.1718998,0.25750393,0.30755997,0.37145638,0.0,76.44706392288208,10.0,216576.0,38.52656323242187,fashion-mnist-784-euclidean
hnswlib,"hnswlib ({'M': 48, 'efConstruction': 500}, 'efQuery': 200)",10,0.9998699999999999,1.0,1.0,0.08592306,1368.58764943411,0.7121563,1.0283113,1.139164,1.2426428,0.0,76.44706392288208,10.0,216576.0,158.24781123046876,fashion-mnist-784-euclidean
hnswlib,"hnswlib ({'M': 48, 'efConstruction': 500}, 'efQuery': 40)",10,0.9977499999999999,0.99982,1.0,0.08593188,3812.8227005954805,0.25510788,0.37288666,0.42748916,0.4863781,0.0,76.44706392288208,10.0,216576.0,56.80201179199219,fashion-mnist-784-euclidean
hnswlib,"hnswlib ({'M': 48, 'efConstruction': 500}, 'efQuery': 400)",10,0.9999499999999999,1.0,1.0,0.08592284,842.0142612905296,1.1633635,1.6431928,1.8115044,1.9786407,0.0,76.44706392288208,10.0,216576.0,257.21179552001956,fashion-mnist-784-euclidean
hnswlib,"hnswlib ({'M': 48, 'efConstruction': 500}, 'efQuery': 600)",10,0.99996,1.0,1.0,0.08592281,633.8351274347709,1.5435219,2.1760583,2.4583387,2.7969034,0.0,76.44706392288208,10.0,216576.0,341.69138096923825,fashion-mnist-784-euclidean
hnswlib,"hnswlib ({'M': 48, 'efConstruction': 500}, 'efQuery': 80)",10,0.9994500000000001,0.99993,1.0,0.085925914,2386.6060222098736,0.4079342,0.5982041,0.6800047,0.7672322,0.0,76.44706392288208,10.0,216576.0,90.74643991699219,fashion-mnist-784-euclidean
hnswlib,"hnswlib ({'M': 48, 'efConstruction': 500}, 'efQuery': 800)",10,0.99996,1.0,1.0,0.08592281,522.6486992884643,1.8833876,2.5868535,2.8655598,3.1521373,0.0,76.44706392288208,10.0,216576.0,414.3815918701172,fashion-mnist-784-euclidean
hnswlib,"hnswlib ({'M': 4, 'efConstruction': 500}, 'efQuery': 10)",10,0.7194200000000001,0.79855,0.96928,0.08864653,18621.03349456482,0.049352646,0.07630582,0.09847153,0.14233752,0.0,46.00743770599365,10.0,196128.0,10.532605510711669,fashion-mnist-784-euclidean
hnswlib,"hnswlib ({'M': 4, 'efConstruction': 500}, 'efQuery': 120)",10,0.98166,0.9946999999999999,0.99787,0.086180076,4538.410848980555,0.21600723,0.27823448,0.32305717,0.40507713,0.0,46.00743770599365,10.0,196128.0,43.21512673187256,fashion-mnist-784-euclidean
hnswlib,"hnswlib ({'M': 4, 'efConstruction': 500}, 'efQuery': 20)",10,0.84855,0.91401,0.9860599999999999,0.08732801,14039.370315946619,0.06771088,0.10037422,0.12683868,0.15425706,0.0,46.00743770599365,10.0,196128.0,13.969857307434081,fashion-mnist-784-euclidean
hnswlib,"hnswlib ({'M': 4, 'efConstruction': 500}, 'efQuery': 200)",10,0.9902799999999999,0.99787,0.9994,0.08603519,3091.337614901496,0.3194809,0.3979206,0.44322246,0.5796086,0.0,46.00743770599365,10.0,196128.0,63.4443805343628,fashion-mnist-784-euclidean
hnswlib,"hnswlib ({'M': 4, 'efConstruction': 500}, 'efQuery': 40)",10,0.93054,0.9703900000000001,0.99292,0.086627975,9438.686402908183,0.10180473,0.14281273,0.17595291,0.22554514,0.0,46.00743770599365,10.0,196128.0,20.77916265335083,fashion-mnist-784-euclidean
hnswlib,"hnswlib ({'M': 4, 'efConstruction': 500}, 'efQuery': 400)",10,0.99491,0.9991899999999999,0.9999,0.08596667,1757.3416908692145,0.5619526,0.7030964,0.7817908,0.9701457,0.0,46.00743770599365,10.0,196128.0,111.60493205108642,fashion-mnist-784-euclidean
hnswlib,"hnswlib ({'M': 4, 'efConstruction': 500}, 'efQuery': 600)",10,0.9962899999999999,0.99953,1.0,0.08595061,1298.60832653502,0.76174736,0.9389161,1.024487,1.1422681,0.0,46.00743770599365,10.0,196128.0,151.02937197647094,fashion-mnist-784-euclidean
hnswlib,"hnswlib ({'M': 4, 'efConstruction': 500}, 'efQuery': 80)",10,0.96976,0.9898300000000001,0.99645,0.08631792,6009.615260622737,0.16236305,0.21386147,0.2510571,0.31495187,0.0,46.00743770599365,10.0,196128.0,32.63569987335205,fashion-mnist-784-euclidean
hnswlib,"hnswlib ({'M': 4, 'efConstruction': 500}, 'efQuery': 800)",10,0.9968999999999999,0.99964,1.0,0.08594463,1006.9417769596923,0.98228455,1.2228489,1.3363432,1.4915496,0.0,46.00743770599365,10.0,196128.0,194.77590908203123,fashion-mnist-784-euclidean
hnswlib,"hnswlib ({'M': 64, 'efConstruction': 500}, 'efQuery': 10)",10,0.95204,0.9882,0.9997299999999999,0.086090215,8543.183231480469,0.11110306,0.17118454,0.21028751,0.26130885,0.0,77.36717677116394,10.0,224064.0,26.227226307678222,fashion-mnist-784-euclidean
hnswlib,"hnswlib ({'M': 64, 'efConstruction': 500}, 'efQuery': 120)",10,0.9997299999999999,1.0,1.0,0.08592386,1895.1046587640117,0.5135536,0.75387955,0.8516358,0.98014414,0.0,77.36717677116394,10.0,224064.0,118.23304795532225,fashion-mnist-784-euclidean
hnswlib,"hnswlib ({'M': 64, 'efConstruction': 500}, 'efQuery': 20)",10,0.9881399999999999,0.99813,0.99983,0.08596729,5929.393310393117,0.16355515,0.24296041,0.28419727,0.33856043,0.0,77.36717677116394,10.0,224064.0,37.78868903961182,fashion-mnist-784-euclidean
hnswlib,"hnswlib ({'M': 64, 'efConstruction': 500}, 'efQuery': 200)",10,0.9998699999999999,1.0,1.0,0.08592306,1355.9491237175425,0.7185936,1.033783,1.1615753,1.2757846,0.0,77.36717677116394,10.0,224064.0,165.2451379486084,fashion-mnist-784-euclidean
hnswlib,"hnswlib ({'M': 64, 'efConstruction': 500}, 'efQuery': 40)",10,0.99785,0.9999,1.0,0.08593069,3847.7198637305023,0.2515316,0.37193298,0.42582256,0.5006802,0.0,77.36717677116394,10.0,224064.0,58.23292961425781,fashion-mnist-784-euclidean
hnswlib,"hnswlib ({'M': 64, 'efConstruction': 500}, 'efQuery': 400)",10,0.9999499999999999,1.0,1.0,0.08592284,853.9095207349588,1.1467934,1.62673,1.7869543,1.9960428,0.0,77.36717677116394,10.0,224064.0,262.3978238433838,fashion-mnist-784-euclidean
hnswlib,"hnswlib ({'M': 64, 'efConstruction': 500}, 'efQuery': 600)",10,0.99996,1.0,1.0,0.08592281,634.6977518710196,1.5437603,2.1694655,2.4569082,2.8481805,0.0,77.36717677116394,10.0,224064.0,353.02472608337405,fashion-mnist-784-euclidean
hnswlib,"hnswlib ({'M': 64, 'efConstruction': 500}, 'efQuery': 80)",10,0.99953,1.0,1.0,0.08592491,2492.349682809988,0.3912449,0.57148933,0.6513642,0.72860926,0.0,77.36717677116394,10.0,224064.0,89.90070757141113,fashion-mnist-784-euclidean
hnswlib,"hnswlib ({'M': 64, 'efConstruction': 500}, 'efQuery': 800)",10,0.99996,1.0,1.0,0.08592281,522.1923962221259,1.8831491,2.5961518,2.8548357,3.153093,0.0,77.36717677116394,10.0,224064.0,429.0832298995972,fashion-mnist-784-euclidean
hnswlib,"hnswlib ({'M': 8, 'efConstruction': 500}, 'efQuery': 10)",10,0.87981,0.94396,0.99749,0.08654221,11830.867525607007,0.07939339,0.11897087,0.14805794,0.19574514,0.0,59.11277723312378,10.0,197856.0,16.723710207366942,fashion-mnist-784-euclidean
hnswlib,"hnswlib ({'M': 8, 'efConstruction': 500}, 'efQuery': 120)",10,0.99809,0.99969,0.9999,0.08593787,3063.9077230153503,0.32258034,0.41151047,0.45085186,0.49400377,0.0,59.11277723312378,10.0,197856.0,64.57635734710693,fashion-mnist-784-euclidean
hnswlib,"hnswlib ({'M': 8, 'efConstruction': 500}, 'efQuery': 20)",10,0.95529,0.9868,0.99901,0.08615015,9489.52585221938,0.10228157,0.14044042,0.16927719,0.21338673,0.0,59.11277723312378,10.0,197856.0,20.849935295104977,fashion-mnist-784-euclidean
hnswlib,"hnswlib ({'M': 8, 'efConstruction': 500}, 'efQuery': 200)",10,0.99889,0.99977,0.9999,0.08593393,2053.2984725428196,0.47802925,0.6284714,0.70430475,0.9227018,0.0,59.11277723312378,10.0,197856.0,96.36007752685546,fashion-mnist-784-euclidean
hnswlib,"hnswlib ({'M': 8, 'efConstruction': 500}, 'efQuery': 40)",10,0.9867000000000001,0.9975400000000001,0.9995200000000001,0.08600284,6041.1648031009645,0.16236305,0.21290779,0.25034183,0.30040926,0.0,59.11277723312378,10.0,197856.0,32.75129986495971,fashion-mnist-784-euclidean
hnswlib,"hnswlib ({'M': 8, 'efConstruction': 500}, 'efQuery': 400)",10,0.9995499999999999,0.9999800000000001,1.0,0.08592622,1258.284417846988,0.7838011,1.0154247,1.1086488,1.2519755,0.0,59.11277723312378,10.0,197856.0,157.24266882247923,fashion-mnist-784-euclidean
hnswlib,"hnswlib ({'M': 8, 'efConstruction': 500}, 'efQuery': 600)",10,0.9997199999999999,1.0,1.0,0.08592522,929.8430816198066,1.06287,1.3713837,1.4967918,1.6453298,0.0,59.11277723312378,10.0,197856.0,212.78429007110597,fashion-mnist-784-euclidean
hnswlib,"hnswlib ({'M': 8, 'efConstruction': 500}, 'efQuery': 80)",10,0.9963,0.9994799999999999,0.9999,0.08594435,3995.6719549118147,0.24676323,0.31661987,0.35452843,0.40578958,0.0,59.11277723312378,10.0,197856.0,49.51757857818604,fashion-mnist-784-euclidean
hnswlib,"hnswlib ({'M': 8, 'efConstruction': 500}, 'efQuery': 800)",10,0.9997400000000001,1.0,1.0,0.085925214,735.4834652802704,1.342535,1.7297268,1.9054437,2.0623288,0.0,59.11277723312378,10.0,197856.0,269.0148852287292,fashion-mnist-784-euclidean
hnswlib,"hnswlib ({'M': 96, 'efConstruction': 500}, 'efQuery': 10)",10,0.95258,0.98858,1.0,0.0860813,8229.58606259526,0.11587143,0.17619133,0.21052593,0.26083317,0.0,78.47719216346741,10.0,239328.0,29.081414080810546,fashion-mnist-784-euclidean
hnswlib,"hnswlib ({'M': 96, 'efConstruction': 500}, 'efQuery': 120)",10,0.9997299999999999,1.0,1.0,0.08592386,1847.045181906452,0.5271435,0.7684468,0.86832047,0.9658355,0.0,78.47719216346741,10.0,239328.0,129.57344105300902,fashion-mnist-784-euclidean
hnswlib,"hnswlib ({'M': 96, 'efConstruction': 500}, 'efQuery': 20)",10,0.9884600000000001,0.9983299999999999,1.0,0.085960895,5770.90798118991,0.1680851,0.24915929,0.2918313,0.33807963,0.0,78.47719216346741,10.0,239328.0,41.471463551330565,fashion-mnist-784-euclidean
hnswlib,"hnswlib ({'M': 96, 'efConstruction': 500}, 'efQuery': 200)",10,0.9998699999999999,1.0,1.0,0.08592306,1283.1652296604448,0.7574558,1.1074662,1.2457395,1.4183533,0.0,78.47719216346741,10.0,239328.0,186.51378206634521,fashion-mnist-784-euclidean
hnswlib,"hnswlib ({'M': 96, 'efConstruction': 500}, 'efQuery': 40)",10,0.99787,0.9998900000000001,1.0,0.08593064,3572.894108763826,0.2708435,0.40650368,0.47707558,0.57292193,0.0,78.47719216346741,10.0,239328.0,66.98435294036865,fashion-mnist-784-euclidean
hnswlib,"hnswlib ({'M': 96, 'efConstruction': 500}, 'efQuery': 400)",10,0.9999499999999999,1.0,1.0,0.08592284,835.5620178647106,1.1703968,1.6589284,1.8413091,2.166273,0.0,78.47719216346741,10.0,239328.0,286.4275719612121,fashion-mnist-784-euclidean
hnswlib,"hnswlib ({'M': 96, 'efConstruction': 500}, 'efQuery': 600)",10,0.99996,1.0,1.0,0.08592281,632.6503914342389,1.5513897,2.1694539,2.4032848,2.7215614,0.0,78.47719216346741,10.0,239328.0,378.29424155960083,fashion-mnist-784-euclidean
hnswlib,"hnswlib ({'M': 96, 'efConstruction': 500}, 'efQuery': 80)",10,0.9995499999999999,1.0,1.0,0.08592488,2428.3286794705305,0.40006638,0.5872368,0.66900253,0.7631786,0.0,78.47719216346741,10.0,239328.0,98.5566748123169,fashion-mnist-784-euclidean
hnswlib,"hnswlib ({'M': 96, 'efConstruction': 500}, 'efQuery': 800)",10,0.99996,1.0,1.0,0.08592281,514.883827107226,1.9128323,2.631235,2.8972719,3.1995845,0.0,78.47719216346741,10.0,239328.0,464.8194163421631,fashion-mnist-784-euclidean
aihnngc,"hnng(euclidean,batch)",10,1.0,1.0,1.0,0.0595489264704937,43787.36376164029,0.02169609,0.030052658,0.043632988,0.07083679,0.0,1.463444471359253,10.0,-58527.67578125,-1.3366339225135742,random-xs-20-euclidean
aihnngc,"hnng(euclidean,incremental)",10,1.0,1.0,1.0,0.0595489264704937,13836.148854823332,0.02527237,0.044822693,4.073522,4.1098604,0.0,10.811434030532837,10.0,-56950.875,-4.116092967599631,random-xs-20-euclidean
hnng,hnng,10,1.0,1.0,1.0,0.0595489264704937,17840.20688716483,0.041007996,0.07512569,0.099678054,1.0900214,0.0,1.3324053287506104,10.0,3456.0,0.1937197265625,random-xs-20-euclidean
hnnglib,hnnglib,10,0.0541,0.0595,0.0967,0.3521629716634239,66515.01792001016,0.013589859,0.02313852,0.033857826,0.063231885,0.0,1.2761564254760742,10.0,2592.0,0.03896864318847656,random-xs-20-euclidean
hnswlib,"hnswlib ({'M': 12, 'efConstruction': 500}, 'efQuery': 10)",10,0.9694,0.9869,1.0,0.05965333524467913,77777.43987242013,0.01168251,0.017178055,0.029106159,0.082740895,0.0,1.6483054161071777,10.0,4320.0,0.05554309844970703,random-xs-20-euclidean
hnswlib,"hnswlib ({'M': 12, 'efConstruction': 500}, 'efQuery': 120)",10,1.0,1.0,1.0,0.0595489264704937,23165.39912404244,0.040769577,0.059652317,0.074412845,0.14512102,0.0,1.6483054161071777,10.0,4320.0,0.18648502349853516,random-xs-20-euclidean
hnswlib,"hnswlib ({'M': 12, 'efConstruction': 500}, 'efQuery': 20)",10,0.9978999999999999,0.9996,1.0,0.05955494133427496,61914.94324136811,0.014543533,0.024080276,0.041632798,0.07940155,0.0,1.6483054161071777,10.0,4320.0,0.06977313995361328,random-xs-20-euclidean
hnswlib,"hnswlib ({'M': 12, 'efConstruction': 500}, 'efQuery': 200)",10,1.0,1.0,1.0,0.0595489264704937,14231.535801899438,0.066280365,0.09634494,0.12756109,0.2280145,0.0,1.6483054161071777,10.0,4320.0,0.30355121612548824,random-xs-20-euclidean
hnswlib,"hnswlib ({'M': 12, 'efConstruction': 500}, 'efQuery': 40)",10,1.0,1.0,1.0,0.0595489264704937,46100.87820533958,0.019311905,0.0333786,0.0500679,0.17621316,0.0,1.6483054161071777,10.0,4320.0,0.09370754241943359,random-xs-20-euclidean
hnswlib,"hnswlib ({'M': 12, 'efConstruction': 500}, 'efQuery': 400)",10,1.0,1.0,1.0,0.0595489264704937,7690.664789062958,0.1270771,0.15617609,0.19074202,0.33433953,0.0,1.6483054161071777,10.0,4320.0,0.561719970703125,random-xs-20-euclidean
hnswlib,"hnswlib ({'M': 12, 'efConstruction': 500}, 'efQuery': 600)",10,1.0,1.0,1.0,0.0595489264704937,5192.242653521531,0.18978119,0.2257824,0.25349623,0.3763472,0.0,1.6483054161071777,10.0,4320.0,0.8320104217529297,random-xs-20-euclidean
hnswlib,"hnswlib ({'M': 12, 'efConstruction': 500}, 'efQuery': 80)",10,1.0,1.0,1.0,0.0595489264704937,33910.35508699308,0.0269413,0.045311447,0.061783824,0.1562453,0.0,1.6483054161071777,10.0,4320.0,0.12739471435546876,random-xs-20-euclidean
hnswlib,"hnswlib ({'M': 12, 'efConstruction': 500}, 'efQuery': 800)",10,1.0,1.0,1.0,0.0595489264704937,3962.535309733677,0.248909,0.28710365,0.32522205,0.5227184,0.0,1.6483054161071777,10.0,4320.0,1.0902111053466799,random-xs-20-euclidean
hnswlib,"hnswlib ({'M': 16, 'efConstruction': 500}, 'efQuery': 10)",10,0.9724,0.9877,1.0,0.059641218694704366,77949.44989592626,0.011920929,0.0166893,0.03528595,0.071067534,0.0,1.6787230968475342,10.0,4608.0,0.059115234375,random-xs-20-euclidean
hnswlib,"hnswlib ({'M': 16, 'efConstruction': 500}, 'efQuery': 120)",10,1.0,1.0,1.0,0.0595489264704937,22003.59880179835,0.04184246,0.066089615,0.089454696,0.14746563,0.0,1.6787230968475342,10.0,4608.0,0.20942028808593752,random-xs-20-euclidean
hnswlib,"hnswlib ({'M': 16, 'efConstruction': 500}, 'efQuery': 20)",10,0.9981,0.9996,1.0,0.05955370652663423,61349.83252153816,0.014901161,0.02360344,0.0348115,0.06272882,0.0,1.6787230968475342,10.0,4608.0,0.07511022949218751,random-xs-20-euclidean
hnswlib,"hnswlib ({'M': 16, 'efConstruction': 500}, 'efQuery': 200)",10,1.0,1.0,1.0,0.0595489264704937,13877.303617630903,0.06866455,0.09371042,0.12733461,0.18087417,0.0,1.6787230968475342,10.0,4608.0,0.33205297851562504,random-xs-20-euclidean
hnswlib,"hnswlib ({'M': 16, 'efConstruction': 500}, 'efQuery': 40)",10,1.0,1.0,1.0,0.0595489264704937,46079.10001757778,0.019550323,0.034105774,0.04649401,0.15756084,0.0,1.6787230968475342,10.0,4608.0,0.100001953125,random-xs-20-euclidean
hnswlib,"hnswlib ({'M': 16, 'efConstruction': 500}, 'efQuery': 400)",10,1.0,1.0,1.0,0.0595489264704937,7468.396939496837,0.1296997,0.16212463,0.19885303,0.30358404,0.0,1.6787230968475342,10.0,4608.0,0.6169998779296875,random-xs-20-euclidean
hnswlib,"hnswlib ({'M': 16, 'efConstruction': 500}, 'efQuery': 600)",10,1.0,1.0,1.0,0.0595489264704937,5022.974189963402,0.19574165,0.23273228,0.262506,0.41565683,0.0,1.6787230968475342,10.0,4608.0,0.917384765625,random-xs-20-euclidean
hnswlib,"hnswlib ({'M': 16, 'efConstruction': 500}, 'efQuery': 80)",10,1.0,1.0,1.0,0.0595489264704937,32014.655146093486,0.02861023,0.047445297,0.06725552,0.13344024,0.0,1.6787230968475342,10.0,4608.0,0.14393408203125,random-xs-20-euclidean
hnswlib,"hnswlib ({'M': 16, 'efConstruction': 500}, 'efQuery': 800)",10,1.0,1.0,1.0,0.0595489264704937,3735.844855213103,0.26392937,0.30946732,0.3653217,0.5605822,0.0,1.6787230968475342,10.0,4608.0,1.2334559326171874,random-xs-20-euclidean
hnswlib,"hnswlib ({'M': 24, 'efConstruction': 500}, 'efQuery': 10)",10,0.9742000000000001,0.9893000000000001,1.0,0.05963748533097806,71331.70068027212,0.013113022,0.018608566,0.030312572,0.06988782,0.0,1.6792500019073486,10.0,5472.0,0.0767120361328125,random-xs-20-euclidean
hnswlib,"hnswlib ({'M': 24, 'efConstruction': 500}, 'efQuery': 120)",10,1.0,1.0,1.0,0.0595489264704937,21172.553394480594,0.044345856,0.06605387,0.08845807,0.17459711,0.0,1.6792500019073486,10.0,5472.0,0.2584478073120117,random-xs-20-euclidean
hnswlib,"hnswlib ({'M': 24, 'efConstruction': 500}, 'efQuery': 20)",10,0.9984999999999999,0.9999,1.0,0.05955277077396898,57729.84281663776,0.015497208,0.025749207,0.043642532,0.099426486,0.0,1.6792500019073486,10.0,5472.0,0.0947863311767578,random-xs-20-euclidean
hnswlib,"hnswlib ({'M': 24, 'efConstruction': 500}, 'efQuery': 200)",10,1.0,1.0,1.0,0.0595489264704937,13168.598590930213,0.072956085,0.096809864,0.120894924,0.19299889,0.0,1.6792500019073486,10.0,5472.0,0.4155339660644531,random-xs-20-euclidean
hnswlib,"hnswlib ({'M': 24, 'efConstruction': 500}, 'efQuery': 40)",10,1.0,1.0,1.0,0.0595489264704937,43333.168030415734,0.020742416,0.036478043,0.047507346,0.21136354,0.0,1.6792500019073486,10.0,5472.0,0.12627740478515626,random-xs-20-euclidean
hnswlib,"hnswlib ({'M': 24, 'efConstruction': 500}, 'efQuery': 400)",10,1.0,1.0,1.0,0.0595489264704937,6946.235989294894,0.14054775,0.17837285,0.2095914,0.3176505,0.0,1.6792500019073486,10.0,5472.0,0.7877647705078125,random-xs-20-euclidean
hnswlib,"hnswlib ({'M': 24, 'efConstruction': 500}, 'efQuery': 600)",10,1.0,1.0,1.0,0.0595489264704937,4604.333731819744,0.21529198,0.25343895,0.29254675,0.4448997,0.0,1.6792500019073486,10.0,5472.0,1.1884455642700196,random-xs-20-euclidean
hnswlib,"hnswlib ({'M': 24, 'efConstruction': 500}, 'efQuery': 80)",10,1.0,1.0,1.0,0.0595489264704937,30987.433046433456,0.029802322,0.04839897,0.061523926,0.13671528,0.0,1.6792500019073486,10.0,5472.0,0.17658771514892577,random-xs-20-euclidean
hnswlib,"hnswlib ({'M': 24, 'efConstruction': 500}, 'efQuery': 800)",10,1.0,1.0,1.0,0.0595489264704937,3629.835535539347,0.27179718,0.31710863,0.3583455,0.5620199,0.0,1.6792500019073486,10.0,5472.0,1.507506317138672,random-xs-20-euclidean
hnswlib,"hnswlib ({'M': 36, 'efConstruction': 500}, 'efQuery': 10)",10,0.9734,0.9890000000000001,1.0,0.059638213674547406,69244.9316515882,0.013113022,0.020754334,0.03998296,0.09322513,0.0,1.6931023597717285,10.0,6048.0,0.08734213256835938,random-xs-20-euclidean
hnswlib,"hnswlib ({'M': 36, 'efConstruction': 500}, 'efQuery': 120)",10,1.0,1.0,1.0,0.0595489264704937,20479.20003124878,0.046253204,0.06581545,0.089447536,0.16485164,0.0,1.6931023597717285,10.0,6048.0,0.29532403564453125,random-xs-20-euclidean
hnswlib,"hnswlib ({'M': 36, 'efConstruction': 500}, 'efQuery': 20)",10,0.9982,0.9996,1.0,0.05955343158899547,54685.250133639296,0.016450882,0.028157229,0.042955916,0.075602934,0.0,1.6931023597717285,10.0,6048.0,0.11059654998779296,random-xs-20-euclidean
hnswlib,"hnswlib ({'M': 36, 'efConstruction': 500}, 'efQuery': 200)",10,1.0,1.0,1.0,0.0595489264704937,12720.458315768405,0.07534027,0.1011014,0.126853,0.20968373,0.0,1.6931023597717285,10.0,6048.0,0.47545456695556637,random-xs-20-euclidean
hnswlib,"hnswlib ({'M': 36, 'efConstruction': 500}, 'efQuery': 40)",10,1.0,1.0,1.0,0.0595489264704937,39430.89751906065,0.02193451,0.04149675,0.07377396,0.20186217,0.0,1.6931023597717285,10.0,6048.0,0.1533822555541992,random-xs-20-euclidean
hnswlib,"hnswlib ({'M': 36, 'efConstruction': 500}, 'efQuery': 400)",10,1.0,1.0,1.0,0.0595489264704937,6831.03612825261,0.14221668,0.175488,0.2034331,0.31814712,0.0,1.6931023597717285,10.0,6048.0,0.8853708114624023,random-xs-20-euclidean
hnswlib,"hnswlib ({'M': 36, 'efConstruction': 500}, 'efQuery': 600)",10,1.0,1.0,1.0,0.0595489264704937,4568.217141226533,0.21576881,0.25726557,0.2947283,0.44019145,0.0,1.6931023597717285,10.0,6048.0,1.323930061340332,random-xs-20-euclidean
hnswlib,"hnswlib ({'M': 36, 'efConstruction': 500}, 'efQuery': 80)",10,1.0,1.0,1.0,0.0595489264704937,29975.800976251223,0.030994415,0.05030632,0.06413698,0.15387225,0.0,1.6931023597717285,10.0,6048.0,0.20176274871826172,random-xs-20-euclidean
hnswlib,"hnswlib ({'M': 36, 'efConstruction': 500}, 'efQuery': 800)",10,1.0,1.0,1.0,0.0595489264704937,3500.9248315604614,0.28336048,0.32691956,0.36576512,0.5734078,0.0,1.6931023597717285,10.0,6048.0,1.7275435180664063,random-xs-20-euclidean
hnswlib,"hnswlib ({'M': 48, 'efConstruction': 500}, 'efQuery': 10)",10,0.9732,0.9884999999999999,1.0,0.05964177339344923,71054.972979383,0.012874603,0.01859665,0.03535993,0.07130621,0.0,1.7014884948730469,10.0,6912.0,0.09727679443359376,random-xs-20-euclidean
hnswlib,"hnswlib ({'M': 48, 'efConstruction': 500}, 'efQuery': 120)",10,1.0,1.0,1.0,0.0595489264704937,17755.847278607744,0.051259995,0.08106232,0.10539295,0.18563412,0.0,1.7014884948730469,10.0,6912.0,0.3892802124023438,random-xs-20-euclidean
hnswlib,"hnswlib ({'M': 48, 'efConstruction': 500}, 'efQuery': 20)",10,0.9986,0.9997999999999999,1.0,0.05955321453296487,56166.693449033155,0.016212463,0.027418137,0.03886223,0.072379366,0.0,1.7014884948730469,10.0,6912.0,0.123062255859375,random-xs-20-euclidean
hnswlib,"hnswlib ({'M': 48, 'efConstruction': 500}, 'efQuery': 200)",10,1.0,1.0,1.0,0.0595489264704937,11937.340619307832,0.08034706,0.1099348,0.13642554,0.24356316,0.0,1.7014884948730469,10.0,6912.0,0.5790234375000001,random-xs-20-euclidean
hnswlib,"hnswlib ({'M': 48, 'efConstruction': 500}, 'efQuery': 40)",10,1.0,1.0,1.0,0.0595489264704937,42822.616543809854,0.021219254,0.035536285,0.046734814,0.15115868,0.0,1.7014884948730469,10.0,6912.0,0.1614100341796875,random-xs-20-euclidean
hnswlib,"hnswlib ({'M': 48, 'efConstruction': 500}, 'efQuery': 400)",10,1.0,1.0,1.0,0.0595489264704937,6621.1669395029585,0.14662743,0.1821518,0.22891048,0.36816084,0.0,1.7014884948730469,10.0,6912.0,1.0439247436523438,random-xs-20-euclidean
hnswlib,"hnswlib ({'M': 48, 'efConstruction': 500}, 'efQuery': 600)",10,1.0,1.0,1.0,0.0595489264704937,4552.756149954356,0.21576881,0.2551198,0.28948072,0.46303558,0.0,1.7014884948730469,10.0,6912.0,1.5182012329101562,random-xs-20-euclidean
hnswlib,"hnswlib ({'M': 48, 'efConstruction': 500}, 'efQuery': 80)",10,1.0,1.0,1.0,0.0595489264704937,29739.66561254733,0.030994415,0.050795075,0.0672412,0.13341774,0.0,1.7014884948730469,10.0,6912.0,0.23241687011718748,random-xs-20-euclidean
hnswlib,"hnswlib ({'M': 48, 'efConstruction': 500}, 'efQuery': 800)",10,1.0,1.0,1.0,0.0595489264704937,3455.2814853503055,0.28586388,0.32974482,0.36389118,0.57271385,0.0,1.7014884948730469,10.0,6912.0,2.000415893554688,random-xs-20-euclidean
hnswlib,"hnswlib ({'M': 4, 'efConstruction': 500}, 'efQuery': 10)",10,0.8239000000000001,0.8718999999999999,0.9499000000000001,0.075034813090911,81316.4792555254,0.010967255,0.017166138,0.037231483,0.07035822,0.0,1.2965362071990967,10.0,3456.0,0.0425006103515625,random-xs-20-euclidean
hnswlib,"hnswlib ({'M': 4, 'efConstruction': 500}, 'efQuery': 120)",10,0.999,0.9994999999999999,1.0,0.0595534557063322,27593.016065155323,0.03361702,0.052928925,0.06747246,0.16543362,0.0,1.2965362071990967,10.0,3456.0,0.12524908447265626,random-xs-20-euclidean
hnswlib,"hnswlib ({'M': 4, 'efConstruction': 500}, 'efQuery': 20)",10,0.9501,0.9694,0.984,0.06440579150504472,65866.36096672372,0.013589859,0.023126602,0.037202843,0.06202371,0.0,1.2965362071990967,10.0,3456.0,0.05246987915039063,random-xs-20-euclidean
hnswlib,"hnswlib ({'M': 4, 'efConstruction': 500}, 'efQuery': 200)",10,0.9992000000000001,0.9996,1.0,0.05955330617884445,20312.088061096503,0.04673004,0.06604195,0.07988216,0.1806063,0.0,1.2965362071990967,10.0,3456.0,0.17014498901367187,random-xs-20-euclidean
hnswlib,"hnswlib ({'M': 4, 'efConstruction': 500}, 'efQuery': 40)",10,0.9925,0.9946999999999999,0.9970000000000001,0.0604543154087953,49817.13661306031,0.017166138,0.032675263,0.051264767,0.18281071,0.0,1.2965362071990967,10.0,3456.0,0.06937371826171874,random-xs-20-euclidean
hnswlib,"hnswlib ({'M': 4, 'efConstruction': 500}, 'efQuery': 400)",10,0.9992000000000001,0.9996,1.0,0.05955330617884445,10976.63512268654,0.08773804,0.11277199,0.13067725,0.21228604,0.0,1.2965362071990967,10.0,3456.0,0.31485058593750004,random-xs-20-euclidean
hnswlib,"hnswlib ({'M': 4, 'efConstruction': 500}, 'efQuery': 600)",10,0.9993000000000001,0.9996,1.0,0.05955321453296487,7397.126722608453,0.12922287,0.1707077,0.20672561,0.3421554,0.0,1.2965362071990967,10.0,3456.0,0.4672084350585938,random-xs-20-euclidean
hnswlib,"hnswlib ({'M': 4, 'efConstruction': 500}, 'efQuery': 80)",10,0.9976,0.9984999999999999,0.999,0.05981830747486901,42222.128267850494,0.021457672,0.035071366,0.049598224,0.13982536,0.0,1.2965362071990967,10.0,3456.0,0.08185281372070312,random-xs-20-euclidean
hnswlib,"hnswlib ({'M': 4, 'efConstruction': 500}, 'efQuery': 800)",10,0.9993000000000001,0.9996,1.0,0.05955321453296487,5585.152082495532,0.17523766,0.21053553,0.24319172,0.40119818,0.0,1.2965362071990967,10.0,3456.0,0.6187835083007812,random-xs-20-euclidean
hnswlib,"hnswlib ({'M': 64, 'efConstruction': 500}, 'efQuery': 10)",10,0.9734,0.9890000000000001,1.0,0.059640389058320746,69468.57246964904,0.013113022,0.01956224,0.03605848,0.09209488,0.0,1.7264156341552734,10.0,7776.0,0.11193550872802735,random-xs-20-euclidean
hnswlib,"hnswlib ({'M': 64, 'efConstruction': 500}, 'efQuery': 120)",10,1.0,1.0,1.0,0.0595489264704937,20117.723801849508,0.04673004,0.067961216,0.094890594,0.18248124,0.0,1.7264156341552734,10.0,7776.0,0.3865248413085937,random-xs-20-euclidean
hnswlib,"hnswlib ({'M': 64, 'efConstruction': 500}, 'efQuery': 20)",10,0.9987999999999999,0.9999,1.0,0.05955224983949554,55749.37196783412,0.016450882,0.02670288,0.0402999,0.06655663,0.0,1.7264156341552734,10.0,7776.0,0.13948139190673828,random-xs-20-euclidean
hnswlib,"hnswlib ({'M': 64, 'efConstruction': 500}, 'efQuery': 200)",10,1.0,1.0,1.0,0.0595489264704937,12360.618634477556,0.07772446,0.10277033,0.1335144,0.22134571,0.0,1.7264156341552734,10.0,7776.0,0.6290947265625,random-xs-20-euclidean
hnswlib,"hnswlib ({'M': 64, 'efConstruction': 500}, 'efQuery': 40)",10,1.0,1.0,1.0,0.0595489264704937,40473.449064469125,0.022411346,0.037682053,0.04840136,0.18329991,0.0,1.7264156341552734,10.0,7776.0,0.19212595367431642,random-xs-20-euclidean
hnswlib,"hnswlib ({'M': 64, 'efConstruction': 500}, 'efQuery': 400)",10,1.0,1.0,1.0,0.0595489264704937,6533.916576313854,0.14996529,0.18310547,0.21458387,0.32598966,0.0,1.7264156341552734,10.0,7776.0,1.1900978393554689,random-xs-20-euclidean
hnswlib,"hnswlib ({'M': 64, 'efConstruction': 500}, 'efQuery': 600)",10,1.0,1.0,1.0,0.0595489264704937,4497.855255481967,0.21886826,0.25680065,0.2963686,0.48995832,0.0,1.7264156341552734,10.0,7776.0,1.728823974609375,random-xs-20-euclidean
hnswlib,"hnswlib ({'M': 64, 'efConstruction': 500}, 'efQuery': 80)",10,1.0,1.0,1.0,0.0595489264704937,29307.638020305632,0.031471252,0.051987167,0.0672579,0.13578708,0.0,1.7264156341552734,10.0,7776.0,0.26532332611083986,random-xs-20-euclidean
hnswlib,"hnswlib ({'M': 64, 'efConstruction': 500}, 'efQuery': 800)",10,1.0,1.0,1.0,0.0595489264704937,3419.6171023902975,0.28944016,0.33739802,0.36848557,0.578244,0.0,1.7264156341552734,10.0,7776.0,2.2739387969970704,random-xs-20-euclidean
hnswlib,"hnswlib ({'M': 8, 'efConstruction': 500}, 'efQuery': 10)",10,0.9559,0.9799,1.0,0.05969664515798464,80855.61167444191,0.011205673,0.0166893,0.03173115,0.075114466,0.0,1.529273271560669,10.0,4320.0,0.05342857360839844,random-xs-20-euclidean
hnswlib,"hnswlib ({'M': 8, 'efConstruction': 500}, 'efQuery': 120)",10,1.0,1.0,1.0,0.0595489264704937,25629.09553081501,0.03671646,0.05508661,0.069146164,0.15087177,0.0,1.529273271560669,10.0,4320.0,0.16855842590332032,random-xs-20-euclidean
hnswlib,"hnswlib ({'M': 8, 'efConstruction': 500}, 'efQuery': 20)",10,0.9955,0.9984999999999999,1.0,0.059562316415847985,64813.932285630406,0.014066696,0.022411346,0.032911308,0.070825905,0.0,1.529273271560669,10.0,4320.0,0.06665233612060546,random-xs-20-euclidean
hnswlib,"hnswlib ({'M': 8, 'efConstruction': 500}, 'efQuery': 200)",10,1.0,1.0,1.0,0.0595489264704937,16420.94713104485,0.057935715,0.07919072,0.1015687,0.17346191,0.0,1.529273271560669,10.0,4320.0,0.26307861328125004,random-xs-20-euclidean
hnswlib,"hnswlib ({'M': 8, 'efConstruction': 500}, 'efQuery': 40)",10,0.9997,0.9999,1.0,0.05955010821999363,48140.66983449257,0.01859665,0.031232834,0.04887581,0.1818355,0.0,1.529273271560669,10.0,4320.0,0.08973701477050783,random-xs-20-euclidean
hnswlib,"hnswlib ({'M': 8, 'efConstruction': 500}, 'efQuery': 400)",10,1.0,1.0,1.0,0.0595489264704937,8535.764581383044,0.11348724,0.14233589,0.17214537,0.2621014,0.0,1.529273271560669,10.0,4320.0,0.5061058044433594,random-xs-20-euclidean
hnswlib,"hnswlib ({'M': 8, 'efConstruction': 500}, 'efQuery': 600)",10,1.0,1.0,1.0,0.0595489264704937,5617.737584681859,0.17476082,0.21197796,0.26445153,0.46421927,0.0,1.529273271560669,10.0,4320.0,0.7689928436279297,random-xs-20-euclidean
hnswlib,"hnswlib ({'M': 8, 'efConstruction': 500}, 'efQuery': 80)",10,1.0,1.0,1.0,0.0595489264704937,36576.85029344821,0.02527237,0.041246414,0.05412579,0.13004747,0.0,1.529273271560669,10.0,4320.0,0.11810749053955079,random-xs-20-euclidean
hnswlib,"hnswlib ({'M': 8, 'efConstruction': 500}, 'efQuery': 800)",10,1.0,1.0,1.0,0.0595489264704937,4362.863220524982,0.22602081,0.26441813,0.29781583,0.4549247,0.0,1.529273271560669,10.0,4320.0,0.9901754379272462,random-xs-20-euclidean
hnswlib,"hnswlib ({'M': 96, 'efConstruction': 500}, 'efQuery': 10)",10,0.9733,0.9894000000000001,1.0,0.05964226056365124,64076.26264169391,0.014066696,0.02313852,0.043160923,0.0748711,0.0,1.778162956237793,10.0,10368.0,0.16180718994140625,random-xs-20-euclidean
hnswlib,"hnswlib ({'M': 96, 'efConstruction': 500}, 'efQuery': 120)",10,1.0,1.0,1.0,0.0595489264704937,19702.76072322775,0.047683716,0.06991623,0.092031956,0.153873,0.0,1.778162956237793,10.0,10368.0,0.5262206726074218,random-xs-20-euclidean
hnswlib,"hnswlib ({'M': 96, 'efConstruction': 500}, 'efQuery': 20)",10,0.9986,0.9997999999999999,1.0,0.05955233183844043,49784.023738872405,0.01859665,0.02981424,0.04315615,0.07489188,0.0,1.778162956237793,10.0,10368.0,0.20825958251953125,random-xs-20-euclidean
hnswlib,"hnswlib ({'M': 96, 'efConstruction': 500}, 'efQuery': 200)",10,1.0,1.0,1.0,0.0595489264704937,11990.646029994454,0.07939339,0.107324116,0.1415278,0.2501837,0.0,1.778162956237793,10.0,10368.0,0.8646740112304687,random-xs-20-euclidean
hnswlib,"hnswlib ({'M': 96, 'efConstruction': 500}, 'efQuery': 40)",10,1.0,1.0,1.0,0.0595489264704937,38584.278552044525,0.02336502,0.04105567,0.057461265,0.18355045,0.0,1.778162956237793,10.0,10368.0,0.2687104797363281,random-xs-20-euclidean
hnswlib,"hnswlib ({'M': 96, 'efConstruction': 500}, 'efQuery': 400)",10,1.0,1.0,1.0,0.0595489264704937,6397.061896315322,0.15258789,0.18550158,0.2360845,0.35010287,0.0,1.778162956237793,10.0,10368.0,1.6207440490722655,random-xs-20-euclidean
hnswlib,"hnswlib ({'M': 96, 'efConstruction': 500}, 'efQuery': 600)",10,1.0,1.0,1.0,0.0595489264704937,4397.416259615375,0.22482872,0.26370287,0.30947924,0.5073812,0.0,1.778162956237793,10.0,10368.0,2.357748138427734,random-xs-20-euclidean
hnswlib,"hnswlib ({'M': 96, 'efConstruction': 500}, 'efQuery': 80)",10,1.0,1.0,1.0,0.0595489264704937,28710.804446634906,0.03218651,0.05173683,0.06275421,0.16624404,0.0,1.778162956237793,10.0,10368.0,0.361118408203125,random-xs-20-euclidean
hnswlib,"hnswlib ({'M': 96, 'efConstruction': 500}, 'efQuery': 800)",10,1.0,1.0,1.0,0.0595489264704937,3375.849535270805,0.29110909,0.33855438,0.37292007,0.6416099,0.0,1.778162956237793,10.0,10368.0,3.0712269287109373,random-xs-20-euclidean
hnswlib,"hnswlib ({'M': 12, 'efConstruction': 500}, 'efQuery': 10)",10,0.6603600000000001,0.76194,0.9986499999999999,0.091127574,15979.116648240328,0.062942505,0.0927567,0.11635059,0.17285393,0.0,985.9750638008118,10.0,733376.0,45.8959037689209,sift-128-euclidean
hnswlib,"hnswlib ({'M': 12, 'efConstruction': 500}, 'efQuery': 120)",10,0.98065,0.9982,1.0,0.08940329,8662.264528532492,0.3219843,0.40651554,0.45967102,0.5302429,0.0,985.9750638008118,10.0,733376.0,84.66331149139404,sift-128-euclidean
hnswlib,"hnswlib ({'M': 12, 'efConstruction': 500}, 'efQuery': 20)",10,0.8009700000000001,0.89673,1.0,0.09016203,10953.644943773275,0.08940697,0.12755394,0.15426147,0.19216678,0.0,985.9750638008118,10.0,733376.0,66.95269052124023,sift-128-euclidean
hnswlib,"hnswlib ({'M': 12, 'efConstruction': 500}, 'efQuery': 200)",10,0.9928800000000001,0.9995200000000001,1.0,0.08937102,2884.7250710313783,0.49364567,0.60892105,0.6923722,0.79345727,0.0,985.9750638008118,10.0,733376.0,254.22734643402097,sift-128-euclidean
hnswlib,"hnswlib ({'M': 12, 'efConstruction': 500}, 'efQuery': 40)",10,0.9012100000000001,0.96767,1.0,0.08967948,-10688.70374584645,0.13566017,0.1821518,0.21458137,0.25892305,0.0,985.9750638008118,10.0,733376.0,-68.61224872894287,sift-128-euclidean
hnswlib,"hnswlib ({'M': 12, 'efConstruction': 500}, 'efQuery': 400)",10,0.99857,0.9999499999999999,1.0,0.089357086,1593.5890841968414,0.8878708,1.0602474,1.1954424,1.3792593,0.0,985.9750638008118,10.0,733376.0,460.20395550689705,sift-128-euclidean
hnswlib,"hnswlib ({'M': 12, 'efConstruction': 500}, 'efQuery': 600)",10,0.9994999999999999,0.9999800000000001,1.0,0.08935485,969.8457187652192,1.2807846,1.5280247,1.6732402,1.9121205,0.0,985.9750638008118,10.0,733376.0,756.1780042022705,sift-128-euclidean
hnswlib,"hnswlib ({'M': 12, 'efConstruction': 500}, 'efQuery': 80)",10,0.96157,0.9942,1.0,0.089459166,4370.052204481532,0.2310276,0.29135936,0.33140182,0.3922002,0.0,985.9750638008118,10.0,733376.0,167.81859018707274,sift-128-euclidean
hnswlib,"hnswlib ({'M': 12, 'efConstruction': 500}, 'efQuery': 800)",10,0.9997999999999999,1.0,1.0,0.08935438,722.8121026027898,1.6498566,1.9605279,2.133152,2.4626396,0.0,985.9750638008118,10.0,733376.0,1014.6149979492187,sift-128-euclidean
hnswlib,"hnswlib ({'M': 16, 'efConstruction': 500}, 'efQuery': 10)",10,0.71209,0.81562,0.99924,0.0907057,13353.709476944394,0.07200241,0.10609627,0.12803078,0.16164896,0.0,1193.498377084732,10.0,764416.0,57.24371953125,sift-128-euclidean
hnswlib,"hnswlib ({'M': 16, 'efConstruction': 500}, 'efQuery': 120)",10,0.9896800000000001,0.99935,1.0,0.089377515,4374.059929454885,0.40984154,0.5226254,0.62824225,0.9753709,0.0,1193.498377084732,10.0,764416.0,174.76120865478518,sift-128-euclidean
hnswlib,"hnswlib ({'M': 16, 'efConstruction': 500}, 'efQuery': 20)",10,0.84239,0.93,0.9999,0.08993666,-15001.570150684393,0.104665756,0.14686584,0.1783371,0.21362607,0.0,1193.498377084732,10.0,764416.0,-50.95573278808594,sift-128-euclidean
hnswlib,"hnswlib ({'M': 16, 'efConstruction': 500}, 'efQuery': 200)",10,0.99695,0.99992,1.0,0.08935983,3032.467682231121,0.61035156,0.7328987,0.787735,0.8564042,0.0,1193.498377084732,10.0,764416.0,252.07721239013674,sift-128-euclidean
hnswlib,"hnswlib ({'M': 16, 'efConstruction': 500}, 'efQuery': 40)",10,0.9304399999999999,0.98307,1.0,0.08955934,6011.578257436568,0.16927719,0.21743774,0.25343895,0.31185335,0.0,1193.498377084732,10.0,764416.0,127.15729002685546,sift-128-euclidean
hnswlib,"hnswlib ({'M': 16, 'efConstruction': 500}, 'efQuery': 400)",10,0.99961,0.9999800000000001,1.0,0.089354664,1191.2267425505088,1.1258125,1.3680577,1.4884518,1.6915828,0.0,1193.498377084732,10.0,764416.0,641.704868347168,sift-128-euclidean
hnswlib,"hnswlib ({'M': 16, 'efConstruction': 500}, 'efQuery': 600)",10,0.9999,1.0,1.0,0.089354225,749.2944030514402,1.5890598,1.916182,2.0868871,3.759308,0.0,1193.498377084732,10.0,764416.0,1020.1811155761718,sift-128-euclidean
hnswlib,"hnswlib ({'M': 16, 'efConstruction': 500}, 'efQuery': 80)",10,0.9772000000000001,0.9977199999999999,1.0,0.089411795,32459.055721983652,0.28848648,0.3631115,0.40292972,0.4568158,0.0,1193.498377084732,10.0,764416.0,23.550161364746092,sift-128-euclidean
hnswlib,"hnswlib ({'M': 16, 'efConstruction': 500}, 'efQuery': 800)",10,0.99999,1.0,1.0,0.08935408,578.1286197184442,2.0810366,2.5143623,2.7237031,3.2086482,0.0,1193.498377084732,10.0,764416.0,1322.2248024536134,sift-128-euclidean
hnswlib,"hnswlib ({'M': 24, 'efConstruction': 500}, 'efQuery': 10)",10,0.76856,0.87212,1.0,0.090295285,11327.83133395667,0.086545944,0.124466375,0.1459145,0.17595361,0.0,1458.436765909195,10.0,826860.0,72.99367157077789,sift-128-euclidean
hnswlib,"hnswlib ({'M': 24, 'efConstruction': 500}, 'efQuery': 120)",10,0.99558,0.99979,1.0,0.0893636,2417.854393342101,0.5044937,0.6158352,0.6644726,0.7228888,0.0,1458.436765909195,10.0,826860.0,341.98089110612875,sift-128-euclidean
hnswlib,"hnswlib ({'M': 24, 'efConstruction': 500}, 'efQuery': 20)",10,0.8854799999999999,0.96038,1.0,0.08972359,7484.602714890139,0.1320839,0.1809597,0.21028751,0.25058234,0.0,1458.436765909195,10.0,826860.0,110.47480160236358,sift-128-euclidean
hnswlib,"hnswlib ({'M': 24, 'efConstruction': 500}, 'efQuery': 200)",10,0.9989100000000001,0.9999499999999999,1.0,0.08935612,1945.2303824818405,0.81014633,1.0137677,1.0950565,1.2462178,0.0,1458.436765909195,10.0,826860.0,425.07047362947463,sift-128-euclidean
hnswlib,"hnswlib ({'M': 24, 'efConstruction': 500}, 'efQuery': 40)",10,0.9575699999999999,0.99293,1.0,0.08946737,4724.3192331523605,0.21982193,0.28014183,0.31566852,0.35762855,0.0,1458.436765909195,10.0,826860.0,175.02204215955732,sift-128-euclidean
hnswlib,"hnswlib ({'M': 24, 'efConstruction': 500}, 'efQuery': 400)",10,0.9999,0.99999,1.0,0.089354195,865.544283888514,1.4411211,1.7681122,1.9085407,2.1092918,0.0,1458.436765909195,10.0,826860.0,955.3064070682527,sift-128-euclidean
hnswlib,"hnswlib ({'M': 24, 'efConstruction': 500}, 'efQuery': 600)",10,0.99999,1.0,1.0,0.0893541,598.2988546645413,2.0105839,2.484572,2.6946115,3.014574,0.0,1458.436765909195,10.0,826860.0,1382.0183568019868,sift-128-euclidean
hnswlib,"hnswlib ({'M': 24, 'efConstruction': 500}, 'efQuery': 80)",10,0.9890700000000001,0.99922,1.0,0.08938019,2756.7127564307957,0.37622452,0.47063828,0.52380794,0.5929503,0.0,1458.436765909195,10.0,826860.0,299.94419914484024,sift-128-euclidean
hnswlib,"hnswlib ({'M': 24, 'efConstruction': 500}, 'efQuery': 800)",10,1.0,1.0,1.0,0.08935408,444.14347098548683,2.6144981,3.2229543,3.4639976,3.9064903,0.0,1458.436765909195,10.0,826860.0,1861.695722252369,sift-128-euclidean
hnswlib,"hnswlib ({'M': 36, 'efConstruction': 500}, 'efQuery': 10)",10,0.80268,0.90276,1.0,0.090093076,9337.524599944789,0.108242035,0.1578331,0.19002193,0.23245952,0.0,1676.4983532428741,10.0,920336.0,98.56316737365724,sift-128-euclidean
hnswlib,"hnswlib ({'M': 36, 'efConstruction': 500}, 'efQuery': 120)",10,0.99755,0.9998900000000001,1.0,0.08935939,2962.0943667294327,0.64349174,0.8147,0.8838223,0.9706074,0.0,1676.4983532428741,10.0,920336.0,310.70448340110784,sift-128-euclidean
hnswlib,"hnswlib ({'M': 36, 'efConstruction': 500}, 'efQuery': 20)",10,0.9101000000000001,0.97378,1.0,0.08962585,-9655.382612270794,0.1604557,0.21791458,0.25153393,0.29611635,0.0,1676.4983532428741,10.0,920336.0,-95.31843915023804,sift-128-euclidean
hnswlib,"hnswlib ({'M': 36, 'efConstruction': 500}, 'efQuery': 200)",10,0.99956,1.0,1.0,0.089354835,1156.993301041933,0.9791851,1.2528896,1.3713837,1.4925215,0.0,1676.4983532428741,10.0,920336.0,795.4549081409455,sift-128-euclidean
hnswlib,"hnswlib ({'M': 36, 'efConstruction': 500}, 'efQuery': 40)",10,0.9703900000000001,0.99603,1.0,0.08942865,3882.911216921156,0.2632141,0.34070015,0.37718052,0.43368572,0.0,1676.4983532428741,10.0,920336.0,237.02215904121397,sift-128-euclidean
hnswlib,"hnswlib ({'M': 36, 'efConstruction': 500}, 'efQuery': 400)",10,0.99996,1.0,1.0,0.089354135,713.714113451287,1.7402172,2.22255,2.4109004,2.7167842,0.0,1676.4983532428741,10.0,920336.0,1289.5023128372193,sift-128-euclidean
hnswlib,"hnswlib ({'M': 36, 'efConstruction': 500}, 'efQuery': 600)",10,1.0,1.0,1.0,0.08935408,488.5100775970083,2.4077892,3.0584455,3.3221338,3.7508283,0.0,1676.4983532428741,10.0,920336.0,1883.9652285724642,sift-128-euclidean
hnswlib,"hnswlib ({'M': 36, 'efConstruction': 500}, 'efQuery': 80)",10,0.9931699999999999,0.99957,1.0,0.089369915,5875.275567432882,0.45323372,0.57935715,0.64325565,0.71789044,0.0,1676.4983532428741,10.0,920336.0,156.64558869400022,sift-128-euclidean
hnswlib,"hnswlib ({'M': 36, 'efConstruction': 500}, 'efQuery': 800)",10,1.0,1.0,1.0,0.08935408,367.0590594251624,3.1130314,3.9797068,4.3358803,4.86422,0.0,1676.4983532428741,10.0,920336.0,2507.3240296569825,sift-128-euclidean
hnswlib,"hnswlib ({'M': 48, 'efConstruction': 500}, 'efQuery': 10)",10,0.8160299999999999,0.9143700000000001,0.9999,0.09004073,43972.2724280077,0.12564659,0.18978119,0.22888184,0.28896424,0.0,1824.650969028473,10.0,1013692.0,23.05298189125061,sift-128-euclidean
hnswlib,"hnswlib ({'M': 48, 'efConstruction': 500}, 'efQuery': 120)",10,0.99799,0.99992,1.0,0.08935832,1817.361634342231,0.73862076,0.99970096,1.1210558,1.3545085,0.0,1824.650969028473,10.0,1013692.0,557.782216177845,sift-128-euclidean
hnswlib,"hnswlib ({'M': 48, 'efConstruction': 500}, 'efQuery': 20)",10,0.91853,0.9792099999999999,1.0,0.08959403,5799.433510801941,0.19526482,0.28967857,0.34928322,0.4606489,0.0,1824.650969028473,10.0,1013692.0,174.79155474615095,sift-128-euclidean
hnswlib,"hnswlib ({'M': 48, 'efConstruction': 500}, 'efQuery': 200)",10,0.9996499999999999,1.0,1.0,0.08935474,1301.2195117032861,1.0848045,1.4288663,1.5621209,1.7857661,0.0,1824.650969028473,10.0,1013692.0,779.0322777077674,sift-128-euclidean
hnswlib,"hnswlib ({'M': 48, 'efConstruction': 500}, 'efQuery': 40)",10,0.97407,0.99677,1.0,0.089417055,4236.09562499798,0.29587746,0.40197372,0.46182376,0.6723476,0.0,1824.650969028473,10.0,1013692.0,239.2986584197998,sift-128-euclidean
hnswlib,"hnswlib ({'M': 48, 'efConstruction': 500}, 'efQuery': 400)",10,0.99996,1.0,1.0,0.08935413,617.5577100746958,1.9973516,2.7508974,3.1285355,4.119639,0.0,1824.650969028473,10.0,1013692.0,1641.4530714504242,sift-128-euclidean
hnswlib,"hnswlib ({'M': 48, 'efConstruction': 500}, 'efQuery': 600)",10,1.0,1.0,1.0,0.08935408,424.4148725644536,2.6737452,3.556013,3.932027,4.707859,0.0,1824.650969028473,10.0,1013692.0,2388.4459888856886,sift-128-euclidean
hnswlib,"hnswlib ({'M': 48, 'efConstruction': 500}, 'efQuery': 80)",10,0.9943799999999999,0.9997199999999999,1.0,0.08936732,3931.4540582806603,0.51379204,0.69737434,0.8211369,0.9486685,0.0,1824.650969028473,10.0,1013692.0,257.8414970575332,sift-128-euclidean
hnswlib,"hnswlib ({'M': 48, 'efConstruction': 500}, 'efQuery': 800)",10,1.0,1.0,1.0,0.08935408,335.7509035019139,3.4160614,4.510176,4.9224157,5.4481077,0.0,1824.650969028473,10.0,1013692.0,3019.1787704131125,sift-128-euclidean
hnswlib,"hnswlib ({'M': 4, 'efConstruction': 500}, 'efQuery': 10)",10,0.33727999999999997,0.3926,0.8509,0.09674269,26822.82550375486,0.03671646,0.05722046,0.071525574,0.1022832,0.0,656.0209174156189,10.0,674864.0,25.160063763809205,sift-128-euclidean
hnswlib,"hnswlib ({'M': 4, 'efConstruction': 500}, 'efQuery': 120)",10,0.8158799999999999,0.9071,0.9993000000000001,0.09024272,5830.444502333816,0.16975403,0.21791458,0.24724007,0.29182783,0.0,656.0209174156189,10.0,674864.0,115.74829324417115,sift-128-euclidean
hnswlib,"hnswlib ({'M': 4, 'efConstruction': 500}, 'efQuery': 20)",10,0.47786999999999996,0.5576,0.96365,0.09372738,18359.03806313493,0.052928925,0.083208084,0.10943645,0.15807314,0.0,656.0209174156189,10.0,674864.0,36.75922440376282,sift-128-euclidean
hnswlib,"hnswlib ({'M': 4, 'efConstruction': 500}, 'efQuery': 200)",10,0.88171,0.9544499999999999,0.9997,0.08985789,1092408.9074098188,0.26130676,0.317347,0.35333866,0.43654698,0.0,656.0209174156189,10.0,674864.0,0.6177759952545167,sift-128-euclidean
hnswlib,"hnswlib ({'M': 4, 'efConstruction': 500}, 'efQuery': 40)",10,0.62291,0.71974,0.99387,0.091827326,12652.199238690842,0.07891655,0.11610985,0.14758343,0.19264337,0.0,656.0209174156189,10.0,674864.0,53.3396595539093,sift-128-euclidean
hnswlib,"hnswlib ({'M': 4, 'efConstruction': 500}, 'efQuery': 400)",10,0.94008,0.98519,0.9999,0.08958883,4984.371195369743,0.47516823,0.5581379,0.607023,0.6749642,0.0,656.0209174156189,10.0,674864.0,135.39601557502746,sift-128-euclidean
hnswlib,"hnswlib ({'M': 4, 'efConstruction': 500}, 'efQuery': 600)",10,0.9612399999999999,0.99291,0.9999,0.08950501,2426.8939611578144,0.68950653,0.7972836,0.8518719,0.9207751,0.0,656.0209174156189,10.0,674864.0,278.07725051078796,sift-128-euclidean
hnswlib,"hnswlib ({'M': 4, 'efConstruction': 500}, 'efQuery': 80)",10,0.7511099999999999,0.8492900000000001,0.99871,0.09069438,8190.120431346323,0.11920929,0.15903707,0.18692249,0.22363965,0.0,656.0209174156189,10.0,674864.0,82.39976513862608,sift-128-euclidean
hnswlib,"hnswlib ({'M': 4, 'efConstruction': 500}, 'efQuery': 800)",10,0.9726100000000001,0.9959300000000001,0.9999,0.08946289,1587.6553113251957,0.91814995,1.0802746,1.1606263,1.2939044,0.0,656.0209174156189,10.0,674864.0,425.069594883728,sift-128-euclidean
hnswlib,"hnswlib ({'M': 64, 'efConstruction': 500}, 'efQuery': 10)",10,0.82175,0.9191100000000001,0.9997,0.090016685,-6928.052581990879,0.120162964,0.18191338,0.21315086,0.26536012,0.0,1854.059417963028,10.0,1138684.0,-164.35845232467653,sift-128-euclidean
hnswlib,"hnswlib ({'M': 64, 'efConstruction': 500}, 'efQuery': 120)",10,0.99818,0.99993,1.0,0.089357875,2165.453097511897,0.7779598,1.0719419,1.2087846,1.3647119,0.0,1854.059417963028,10.0,1138684.0,525.8409897255898,sift-128-euclidean
hnswlib,"hnswlib ({'M': 64, 'efConstruction': 500}, 'efQuery': 20)",10,0.9218400000000001,0.9797800000000001,0.9997999999999999,0.0895981,5346.063025948068,0.19311905,0.27729267,0.32401317,0.40770298,0.0,1854.059417963028,10.0,1138684.0,212.9948701452255,sift-128-euclidean
hnswlib,"hnswlib ({'M': 64, 'efConstruction': 500}, 'efQuery': 200)",10,0.99969,1.0,1.0,0.08935462,1245.0149580940647,1.1103153,1.5003681,1.6582105,1.8873252,0.0,1854.059417963028,10.0,1138684.0,914.5946340621949,sift-128-euclidean
hnswlib,"hnswlib ({'M': 64, 'efConstruction': 500}, 'efQuery': 40)",10,0.9759399999999999,0.9971399999999999,1.0,0.08941215,28187.204850482216,0.30875206,0.42510033,0.47898525,0.6039166,0.0,1854.059417963028,10.0,1138684.0,40.39719461507798,sift-128-euclidean
hnswlib,"hnswlib ({'M': 64, 'efConstruction': 500}, 'efQuery': 400)",10,0.99997,1.0,1.0,0.08935413,597.8080307592555,2.0097494,2.717507,2.9704874,3.2916656,0.0,1854.059417963028,10.0,1138684.0,1904.7653116231918,sift-128-euclidean
hnswlib,"hnswlib ({'M': 64, 'efConstruction': 500}, 'efQuery': 600)",10,1.0,1.0,1.0,0.08935408,403.32842030814305,2.8733015,3.908026,4.3709674,5.1944337,0.0,1854.059417963028,10.0,1138684.0,2823.2178608441354,sift-128-euclidean
hnswlib,"hnswlib ({'M': 64, 'efConstruction': 500}, 'efQuery': 80)",10,0.9949,0.9997400000000001,1.0,0.08936561,3803.6894382990886,0.5297661,0.7310032,0.81897014,0.935795,0.0,1854.059417963028,10.0,1138684.0,299.3630312019348,sift-128-euclidean
hnswlib,"hnswlib ({'M': 64, 'efConstruction': 500}, 'efQuery': 800)",10,1.0,1.0,1.0,0.08935408,334.53212481182834,3.657937,4.950762,5.43362,6.1242986,0.0,1854.059417963028,10.0,1138684.0,3403.81062249403,sift-128-euclidean
hnswlib,"hnswlib ({'M': 8, 'efConstruction': 500}, 'efQuery': 10)",10,0.56918,0.65962,0.9900800000000001,0.09215498,19651.609801853603,0.051259995,0.07677078,0.0946545,0.1211171,0.0,839.7399046421051,10.0,703088.0,35.77762875862121,sift-128-euclidean
hnswlib,"hnswlib ({'M': 8, 'efConstruction': 500}, 'efQuery': 120)",10,0.9540900000000001,0.99121,1.0,0.08949208,353136.1504719086,0.26798248,0.35619736,0.4158183,0.5555176,0.0,839.7399046421051,10.0,703088.0,1.9909827953338621,sift-128-euclidean
hnswlib,"hnswlib ({'M': 8, 'efConstruction': 500}, 'efQuery': 20)",10,0.71592,0.8157400000000001,0.9994099999999999,0.090790935,13480.647641282632,0.07271767,0.10418892,0.12731552,0.16617915,0.0,839.7399046421051,10.0,703088.0,52.155357717895505,sift-128-euclidean
hnswlib,"hnswlib ({'M': 8, 'efConstruction': 500}, 'efQuery': 200)",10,0.97837,0.99735,1.0,0.08941527,2575.851137649612,0.40364265,0.4887581,0.53024524,0.5922322,0.0,839.7399046421051,10.0,703088.0,272.9536616939545,sift-128-euclidean
hnswlib,"hnswlib ({'M': 8, 'efConstruction': 500}, 'efQuery': 40)",10,0.83606,0.9229200000000001,0.9997999999999999,0.0900321,8786.922721745828,0.11110306,0.1487732,0.17786258,0.2164878,0.0,839.7399046421051,10.0,703088.0,80.01527067718504,sift-128-euclidean
hnswlib,"hnswlib ({'M': 8, 'efConstruction': 500}, 'efQuery': 400)",10,0.99347,0.9994999999999999,1.0,0.0893726,2125.96251247848,0.7405281,0.8661747,0.9260224,1.0042193,0.0,839.7399046421051,10.0,703088.0,330.7151447277069,sift-128-euclidean
hnswlib,"hnswlib ({'M': 8, 'efConstruction': 500}, 'efQuery': 600)",10,0.9967900000000001,0.9998400000000001,1.0,0.08936421,1327.5027040289287,1.0643005,1.2414575,1.3194131,1.455789,0.0,839.7399046421051,10.0,703088.0,529.6320661842346,sift-128-euclidean
hnswlib,"hnswlib ({'M': 8, 'efConstruction': 500}, 'efQuery': 80)",10,0.92132,0.97765,0.9999,0.08962682,5458.284369798641,0.1835823,0.22935867,0.25820965,0.30350685,0.0,839.7399046421051,10.0,703088.0,128.8111707572937,sift-128-euclidean
hnswlib,"hnswlib ({'M': 8, 'efConstruction': 500}, 'efQuery': 800)",10,0.998,0.9999399999999999,1.0,0.08935925,947.048345097648,1.3585091,1.5757084,1.6682194,1.8224746,0.0,839.7399046421051,10.0,703088.0,742.3992699417115,sift-128-euclidean
hnswlib,"hnswlib ({'M': 96, 'efConstruction': 500}, 'efQuery': 10)",10,0.82484,0.92239,0.9999,0.08998991,-34500.15011495104,0.13136864,0.21028519,0.24796464,0.29349467,0.0,1829.5911507606506,10.0,1388400.0,-40.24330315589905,sift-128-euclidean
hnswlib,"hnswlib ({'M': 96, 'efConstruction': 500}, 'efQuery': 120)",10,0.9983000000000001,0.9999399999999999,1.0,0.08935747,2126.1085351950896,0.74625015,1.0557294,1.19138,1.363756,0.0,1829.5911507606506,10.0,1388400.0,653.0240469932555,sift-128-euclidean
hnswlib,"hnswlib ({'M': 96, 'efConstruction': 500}, 'efQuery': 20)",10,0.9242699999999999,0.98201,1.0,0.089576244,5024.945596985922,0.19788742,0.2918362,0.33903354,0.40626875,0.0,1829.5911507606506,10.0,1388400.0,276.30149883270263,sift-128-euclidean
hnswlib,"hnswlib ({'M': 96, 'efConstruction': 500}, 'efQuery': 200)",10,0.99968,1.0,1.0,0.08935461,1205.3338912220463,1.1117458,1.552105,1.739759,1.977449,0.0,1829.5911507606506,10.0,1388400.0,1151.8799978256227,sift-128-euclidean
hnswlib,"hnswlib ({'M': 96, 'efConstruction': 500}, 'efQuery': 40)",10,0.97607,0.99712,1.0,0.089412175,15158.741431359986,0.3197193,0.45514107,0.51212543,0.60892224,0.0,1829.5911507606506,10.0,1388400.0,91.59071722984314,sift-128-euclidean
hnswlib,"hnswlib ({'M': 96, 'efConstruction': 500}, 'efQuery': 400)",10,0.99997,1.0,1.0,0.08935413,590.1284380404281,2.0062923,2.7778623,3.0908747,3.5014627,0.0,1829.5911507606506,10.0,1388400.0,2352.7081741905217,sift-128-euclidean
hnswlib,"hnswlib ({'M': 96, 'efConstruction': 500}, 'efQuery': 600)",10,1.0,1.0,1.0,0.08935408,400.1064621963667,2.9546022,4.1008115,4.4928436,5.144597,0.0,1829.5911507606506,10.0,1388400.0,3470.076420106888,sift-128-euclidean
hnswlib,"hnswlib ({'M': 96, 'efConstruction': 500}, 'efQuery': 80)",10,0.99495,0.99977,1.0,0.089365445,3443.736753371276,0.55646896,0.7982254,0.9067175,1.0075597,0.0,1829.5911507606506,10.0,1388400.0,403.1667050743103,sift-128-euclidean
hnswlib,"hnswlib ({'M': 96, 'efConstruction': 500}, 'efQuery': 800)",10,1.0,1.0,1.0,0.08935408,311.2139541546808,4.3025017,6.7072153,9.321962,11.837558,0.0,1829.5911507606506,10.0,1388400.0,4461.239547472001,sift-128-euclidean
